ID,ESG_DISC_SCORE,YEAR
GIGA US Equity,15.28929996,2017
TESS US Equity,13.22309971,2010
TESS US Equity,16.52890015,2019
PMD US Equity,11.15699959,2010
PMD US Equity,15.28929996,2016
DCTH US Equity,11.15699959,2010
DCTH US Equity,16.52890015,2015
ARCW US Equity,11.15699959,2013
ARCW US Equity,16.94210052,2018
ASRV US Equity,11.84210014,2010
ASRV US Equity,10.52630043,2011
ASRV US Equity,12.71930027,2013
ASRV US Equity,14.47369957,2015
ASRV US Equity,15.3508997,2016
MUX US Equity,11.15699959,2010
MUX US Equity,16.52890015,2017
CPSH US Equity,11.15699959,2010
CPSH US Equity,17.76860046,2017
IDRA US Equity,11.15699959,2010
IDRA US Equity,11.98349953,2014
IDRA US Equity,14.8760004,2017
IDRA US Equity,13.63640022,2020
RIG US Equity,23.14049911,2010
RIG US Equity,21.07439995,2011
RIG US Equity,24.38019943,2014
RIG US Equity,32.64459991,2015
RIG US Equity,39.25619888,2016
RIG US Equity,34.29750061,2017
RIG US Equity,38.01649857,2018
RIG US Equity,44.62810135,2019
RIG US Equity,46.69419861,2020
ARCO US Equity,23.44499969,2011
ARCO US Equity,22.00959969,2013
ARCO US Equity,24.8803997,2015
ARCO US Equity,28.22970009,2016
ARCO US Equity,22.48800087,2017
ARCO US Equity,23.92340088,2018
ARCO US Equity,31.10050011,2019
PESI US Equity,11.98349953,2010
PESI US Equity,12.80990028,2013
PESI US Equity,13.63640022,2015
REFR US Equity,12.80990028,2010
REFR US Equity,11.57019997,2020
EZPW US Equity,24.83650017,2012
EZPW US Equity,27.82419968,2013
EZPW US Equity,27.31110001,2015
EZPW US Equity,33.40710068,2016
EZPW US Equity,33.61830139,2017
EZPW US Equity,20.09569931,2019
DXYN US Equity,15.28929996,2010
ASXC US Equity,11.15699959,2010
ASXC US Equity,9.91740036,2013
ASXC US Equity,14.04959965,2017
ASXC US Equity,17.76860046,2020
ROYL US Equity,11.20330048,2010
ROYL US Equity,8.713700294,2014
ROYL US Equity,7.88380003,2015
TELL US Equity,10.7883997,2015
TELL US Equity,14.10789967,2017
TELL US Equity,14.52280045,2018
TELL US Equity,27.80080032,2019
IVC US Equity,9.91740036,2010
IVC US Equity,11.15699959,2011
IVC US Equity,11.98349953,2012
IVC US Equity,16.94210052,2017
LCI US Equity,11.98349953,2010
LCI US Equity,12.80990028,2011
LCI US Equity,14.04959965,2015
LCI US Equity,17.76860046,2020
QSEP US Equity,11.15699959,2010
QSEP US Equity,9.91740036,2013
QSEP US Equity,14.04959965,2017
ACTG US Equity,11.15699959,2010
ACTG US Equity,9.91740036,2012
ACTG US Equity,14.04959965,2017
ACTG US Equity,9.090900421,2018
ACTG US Equity,12.80990028,2019
NNBR US Equity,11.15699959,2010
NNBR US Equity,9.91740036,2011
NNBR US Equity,11.98349953,2015
NNBR US Equity,17.35540009,2016
NNBR US Equity,16.11569977,2018
LYTS US Equity,11.15699959,2011
LYTS US Equity,14.04959965,2018
LYTS US Equity,18.59499931,2019
TK US Equity,31.81819916,2010
TK US Equity,24.79339981,2011
TK US Equity,26.03310013,2012
TK US Equity,29.33880043,2013
TK US Equity,30.57850075,2014
TK US Equity,26.85950089,2015
TK US Equity,28.0991993,2016
TK US Equity,33.88430023,2018
TK US Equity,33.05789948,2019
TK US Equity,35.53720093,2020
VBIV US Equity,7.438000202,2015
VBIV US Equity,17.35540009,2016
VBIV US Equity,16.52890015,2017
CCTC US Equity,7.851200104,2010
CCTC US Equity,10.33059978,2011
CCTC US Equity,13.63640022,2017
CCTC US Equity,14.46280003,2020
SRGA US Equity,11.15699959,2010
SRGA US Equity,12.80990028,2016
SRGA US Equity,17.76860046,2017
WKHS US Equity,9.91740036,2010
WKHS US Equity,8.677700043,2013
WKHS US Equity,9.504099846,2015
WKHS US Equity,11.98349953,2016
VTNR US Equity,9.91740036,2012
VTNR US Equity,11.15699959,2013
VTNR US Equity,16.11569977,2015
VTNR US Equity,16.94210052,2016
GLAE US Equity,12.80990028,2010
GLAE US Equity,11.15699959,2011
SYPR US Equity,11.15699959,2010
SYPR US Equity,9.91740036,2015
SYPR US Equity,20.66119957,2017
SYPR US Equity,22.31399918,2020
LBSR US Equity,9.090900421,2010
LBSR US Equity,10.74380016,2017
LBSR US Equity,11.57019997,2020
PTN US Equity,14.8760004,2015
UTI US Equity,16.11569977,2010
UTI US Equity,15.28929996,2011
UTI US Equity,16.52890015,2012
UTI US Equity,17.35540009,2018
UTI US Equity,18.59499931,2019
CIDM US Equity,11.15699959,2010
CIDM US Equity,11.98349953,2012
CIDM US Equity,14.46280003,2017
CIDM US Equity,13.22309971,2020
OXSQ US Equity,11.84210014,2010
OXSQ US Equity,14.47369957,2017
PVCT US Equity,10.33059978,2010
PVCT US Equity,11.98349953,2012
PVCT US Equity,15.28929996,2017
DAKT US Equity,10.33059978,2010
DAKT US Equity,11.15699959,2013
DAKT US Equity,17.35540009,2017
GIFI US Equity,11.15699959,2010
GIFI US Equity,11.98349953,2016
GIFI US Equity,18.18180084,2017
GIFI US Equity,16.94210052,2019
GIFI US Equity,22.72730064,2020
EMMS US Equity,14.04959965,2010
EMMS US Equity,16.52890015,2015
EMMS US Equity,17.35540009,2019
EMMS US Equity,13.63640022,2020
ALJJ US Equity,7.024799824,2010
ALJJ US Equity,8.264499664,2013
ALJJ US Equity,14.04959965,2015
ALJJ US Equity,15.28929996,2016
DSS US Equity,11.15699959,2010
DSS US Equity,17.35540009,2017
DSS US Equity,16.11569977,2018
DSS US Equity,14.04959965,2020
DWSN US Equity,11.15699959,2010
DWSN US Equity,17.35540009,2016
SEII US Equity,14.04959965,2010
GEOS US Equity,11.15699959,2010
GEOS US Equity,8.677700043,2013
GEOS US Equity,15.70250034,2017
GEOS US Equity,20.66119957,2019
GEOS US Equity,21.48760033,2020
RVSB US Equity,11.84210014,2010
RVSB US Equity,16.22809982,2017
PAYD US Equity,7.851200104,2010
ATRS US Equity,11.15699959,2011
ATRS US Equity,14.04959965,2014
ATRS US Equity,15.28929996,2016
AXTI US Equity,11.15699959,2010
AXTI US Equity,9.91740036,2012
AXTI US Equity,13.63640022,2017
NVFY US Equity,4.95870018,2011
NVFY US Equity,7.851200104,2012
NVFY US Equity,9.91740036,2013
NVFY US Equity,11.15699959,2015
DFFN US Equity,8.677700043,2010
DFFN US Equity,7.851200104,2013
DFFN US Equity,11.15699959,2014
DFFN US Equity,15.28929996,2017
DFFN US Equity,16.52890015,2020
AIV US Equity,14.04959965,2010
AIV US Equity,15.28929996,2011
AIV US Equity,16.52890015,2012
AIV US Equity,18.59499931,2013
AIV US Equity,21.07439995,2017
AIV US Equity,22.31399918,2018
AIV US Equity,21.48760033,2019
GROW US Equity,13.5965004,2010
GROW US Equity,14.47369957,2011
NHTC US Equity,10.33059978,2014
NHTC US Equity,12.80990028,2015
NAT US Equity,5.371900082,2010
NAT US Equity,7.024799824,2016
NAT US Equity,10.33059978,2017
CASI US Equity,11.15699959,2010
CASI US Equity,9.91740036,2015
CASI US Equity,14.04959965,2016
CASI US Equity,16.11569977,2019
ONVO US Equity,9.91740036,2011
ONVO US Equity,8.677700043,2012
ONVO US Equity,11.98349953,2014
ONVO US Equity,11.15699959,2015
ONVO US Equity,12.80990028,2017
AWRE US Equity,11.15699959,2010
AWRE US Equity,15.28929996,2015
EMKR US Equity,13.22309971,2010
EMKR US Equity,14.04959965,2015
EMKR US Equity,15.28929996,2016
EMKR US Equity,16.52890015,2018
EMKR US Equity,17.76860046,2020
TLFA US Equity,17.70330048,2010
TLFA US Equity,23.44499969,2012
TLFA US Equity,22.00959969,2017
REED US Equity,9.090900421,2010
REED US Equity,11.15699959,2012
REED US Equity,12.39669991,2014
REED US Equity,11.98349953,2017
SVRA US Equity,14.04959965,2015
SVRA US Equity,16.11569977,2017
SIEB US Equity,11.84210014,2010
SIEB US Equity,10.52630043,2012
SIEB US Equity,16.66670036,2017
AAIC US Equity,11.84210014,2010
AAIC US Equity,14.03509998,2012
AAIC US Equity,17.54389954,2016
AAIC US Equity,18.85960007,2018
BDR US Equity,15.28929996,2010
SRNE US Equity,6.611599922,2010
SRNE US Equity,11.15699959,2011
SRNE US Equity,10.33059978,2013
SRNE US Equity,15.28929996,2017
PRPO US Equity,11.15699959,2010
CLRO US Equity,11.15699959,2010
CLRO US Equity,14.46280003,2017
CLRO US Equity,16.52890015,2018
CRD/A US Equity,11.98349953,2010
CRD/A US Equity,13.63640022,2017
CRD/A US Equity,16.94210052,2018
SUP US Equity,11.15699959,2010
SUP US Equity,11.98349953,2014
SUP US Equity,14.8760004,2016
SUP US Equity,19.83469963,2018
SUP US Equity,18.59499931,2020
LWLG US Equity,10.33059978,2010
LWLG US Equity,11.15699959,2016
LWLG US Equity,12.80990028,2017
MFA US Equity,11.15699959,2010
MFA US Equity,16.52890015,2015
MFA US Equity,17.35540009,2016
MFA US Equity,19.83469963,2018
MFA US Equity,16.11569977,2020
GEO US Equity,11.15699959,2010
GEO US Equity,14.8760004,2015
GEO US Equity,21.48760033,2016
GEO US Equity,22.72730064,2017
GEO US Equity,28.92560005,2018
GEO US Equity,38.8429985,2019
FARM US Equity,14.8760004,2010
FARM US Equity,16.11569977,2011
FARM US Equity,21.07439995,2013
FARM US Equity,24.38019943,2014
FARM US Equity,19.83469963,2015
FARM US Equity,31.40500069,2017
FARM US Equity,52.06610107,2018
FARM US Equity,53.30580139,2019
FARM US Equity,52.47930145,2020
SCOR US Equity,13.22309971,2010
SCOR US Equity,11.15699959,2011
SCOR US Equity,14.04959965,2017
SCOR US Equity,17.35540009,2018
ITI US Equity,11.15699959,2010
ITI US Equity,9.91740036,2013
ITI US Equity,16.52890015,2017
ACER US Equity,11.98349953,2015
ACER US Equity,10.74380016,2016
ACER US Equity,14.04959965,2017
ACER US Equity,14.8760004,2018
CVV US Equity,11.15699959,2010
CVV US Equity,14.04959965,2017
CVV US Equity,16.52890015,2020
WTT US Equity,12.80990028,2010
WTT US Equity,14.04959965,2016
WTT US Equity,16.52890015,2017
GURE US Equity,14.04959965,2010
GURE US Equity,13.22309971,2013
GAIA US Equity,14.04959965,2010
GAIA US Equity,15.70250034,2012
GAIA US Equity,12.80990028,2017
CHNR US Equity,7.851200104,2010
CHNR US Equity,11.98349953,2017
CAAS US Equity,12.80990028,2010
CAAS US Equity,16.52890015,2012
CAAS US Equity,15.28929996,2013
IVAC US Equity,11.98349953,2010
IVAC US Equity,11.15699959,2011
IVAC US Equity,14.46280003,2016
IVAC US Equity,16.94210052,2019
SEAC US Equity,11.15699959,2010
SEAC US Equity,13.22309971,2015
SEAC US Equity,16.52890015,2016
SPPI US Equity,11.15699959,2010
SPPI US Equity,14.04959965,2017
SPPI US Equity,16.52890015,2020
FTK US Equity,11.15699959,2010
FTK US Equity,13.22309971,2012
FTK US Equity,15.70250034,2016
FTK US Equity,31.98870087,2019
WINT US Equity,12.80990028,2010
WINT US Equity,14.04959965,2011
WINT US Equity,11.98349953,2017
NYMX US Equity,11.98349953,2016
ALTO US Equity,11.15699959,2010
ALTO US Equity,7.851200104,2014
ALTO US Equity,18.59499931,2017
CXDO US Equity,11.15699959,2010
CXDO US Equity,12.80990028,2017
CERS US Equity,11.15699959,2010
CERS US Equity,14.8760004,2016
CERS US Equity,14.04959965,2019
CERS US Equity,18.18180084,2020
APWC US Equity,7.851200104,2013
APWC US Equity,11.98349953,2017
SLNG US Equity,11.15699959,2010
SLNG US Equity,14.04959965,2016
SLNG US Equity,14.8760004,2017
SLNG US Equity,12.39669991,2018
SLNG US Equity,16.94210052,2019
RMTI US Equity,11.15699959,2010
RMTI US Equity,14.04959965,2015
RMTI US Equity,14.8760004,2020
SIRI US Equity,14.04959965,2010
SIRI US Equity,16.11569977,2011
SIRI US Equity,14.8760004,2012
SIRI US Equity,16.94210052,2015
CHS US Equity,16.26790047,2010
CHS US Equity,17.70330048,2012
CHS US Equity,19.13879967,2013
CHS US Equity,20.57419968,2018
CHS US Equity,21.53109932,2019
CHS US Equity,22.00959969,2020
SIGA US Equity,12.80990028,2010
SIGA US Equity,15.28929996,2017
SIGA US Equity,16.52890015,2020
STRR US Equity,11.15699959,2010
STRR US Equity,15.28929996,2015
SYN US Equity,11.15699959,2010
SYN US Equity,14.04959965,2018
FLUX US Equity,11.15699959,2012
UNAM US Equity,14.03509998,2010
UNAM US Equity,14.91230011,2015
UNAM US Equity,13.5965004,2018
IWSY US Equity,10.74380016,2010
IWSY US Equity,11.57019997,2012
MSN US Equity,11.15699959,2011
MSN US Equity,14.04959965,2017
MSN US Equity,17.35540009,2019
NWBO US Equity,11.15699959,2011
NWBO US Equity,11.98349953,2012
NWBO US Equity,12.80990028,2015
NWBO US Equity,15.28929996,2017
NWBO US Equity,30.45969963,2019
IO US Equity,14.04959965,2010
IO US Equity,15.28929996,2017
IO US Equity,16.11569977,2018
NBY US Equity,11.15699959,2010
NBY US Equity,16.52890015,2017
CDE US Equity,11.15699959,2010
CDE US Equity,20.66119957,2015
CDE US Equity,30.57850075,2017
CDE US Equity,42.97520065,2018
CDE US Equity,43.38840103,2019
CDE US Equity,44.21490097,2020
CEMI US Equity,11.15699959,2011
CEMI US Equity,15.28929996,2017
CEMI US Equity,15.70250034,2018
CEMI US Equity,16.52890015,2019
FMCC US Equity,1.315799952,2011
FMCC US Equity,8.333299637,2012
FMCC US Equity,13.15789986,2015
FMCC US Equity,15.3508997,2017
FMCC US Equity,16.22809982,2020
CRWS US Equity,11.15699959,2011
CRWS US Equity,18.59499931,2016
KINS US Equity,14.91230011,2015
KINS US Equity,13.5965004,2016
KINS US Equity,15.78950024,2017
FNMA US Equity,10.08769989,2010
FNMA US Equity,12.71930027,2011
FNMA US Equity,13.5965004,2018
FNMA US Equity,19.73679924,2020
SFE US Equity,11.15699959,2011
SFE US Equity,11.98349953,2017
SFE US Equity,10.74380016,2018
BNET US Equity,8.677700043,2010
BNET US Equity,11.15699959,2019
GALT US Equity,12.80990028,2010
GALT US Equity,15.28929996,2011
GALT US Equity,14.04959965,2012
TLGTQ US Equity,14.04959965,2010
TLGTQ US Equity,15.28929996,2013
TLGTQ US Equity,16.52890015,2016
TLGTQ US Equity,17.35540009,2020
QUAD US Equity,11.15699959,2010
QUAD US Equity,11.98349953,2012
QUAD US Equity,13.22309971,2013
QUAD US Equity,15.28929996,2014
QUAD US Equity,16.52890015,2016
QUAD US Equity,20.66119957,2019
DESTQ US Equity,12.91870022,2010
DESTQ US Equity,18.6602993,2017
DESTQ US Equity,20.09569931,2019
SRT US Equity,11.15699959,2010
SRT US Equity,16.52890015,2017
BIOL US Equity,14.8760004,2010
BIOL US Equity,17.35540009,2015
MTRX US Equity,11.15699959,2010
MTRX US Equity,14.04959965,2014
MTRX US Equity,16.11569977,2017
MTRX US Equity,16.94210052,2018
MTRX US Equity,17.76860046,2020
FTEK US Equity,12.80990028,2010
FTEK US Equity,14.04959965,2013
FTEK US Equity,15.28929996,2016
FTEK US Equity,16.52890015,2017
ABEO US Equity,12.80990028,2010
ABEO US Equity,15.28929996,2016
GDRZF US Equity,11.98349953,2010
GDRZF US Equity,11.15699959,2017
CIA US Equity,11.84210014,2010
CIA US Equity,16.22809982,2017
CIA US Equity,17.54389954,2020
PSTV US Equity,11.15699959,2010
PSTV US Equity,12.80990028,2016
PSTV US Equity,14.04959965,2017
PSTV US Equity,15.28929996,2020
QUIK US Equity,15.28929996,2010
DSX US Equity,8.264499664,2010
DSX US Equity,9.504099846,2018
DSX US Equity,19.00830078,2019
CGRN US Equity,11.15699959,2010
CGRN US Equity,16.11569977,2016
EGY US Equity,14.10789967,2010
EGY US Equity,16.18260002,2016
EGY US Equity,25.31119919,2019
WTI US Equity,11.20330048,2010
WTI US Equity,16.59749985,2017
WTI US Equity,17.42740059,2018
SMED US Equity,11.15699959,2012
SMED US Equity,12.80990028,2017
CRBO US Equity,5.371900082,2010
CRBO US Equity,9.090900421,2011
CRBO US Equity,11.15699959,2012
CRBO US Equity,14.04959965,2017
CRBO US Equity,14.8760004,2018
CTSO US Equity,16.52890015,2015
CECE US Equity,11.15699959,2010
CECE US Equity,16.11569977,2017
CECE US Equity,15.28929996,2018
IMGN US Equity,11.15699959,2010
IMGN US Equity,7.851200104,2015
IMGN US Equity,14.04959965,2017
DRRX US Equity,11.15699959,2010
DRRX US Equity,14.04959965,2017
EVC US Equity,11.15699959,2010
EVC US Equity,15.28929996,2017
PEI US Equity,11.15699959,2010
PEI US Equity,9.91740036,2012
PEI US Equity,14.8760004,2017
TXCB US Equity,9.91740036,2010
PSSR US Equity,11.15699959,2010
PSSR US Equity,9.91740036,2014
PSSR US Equity,16.52890015,2015
PSSR US Equity,15.28929996,2016
VYEY US Equity,5.785099983,2010
VYEY US Equity,7.024799824,2011
VYEY US Equity,10.74380016,2012
VYEY US Equity,9.504099846,2013
CREG US Equity,14.04959965,2010
CREG US Equity,15.28929996,2012
ORC US Equity,13.5965004,2013
ORC US Equity,16.22809982,2014
PHX US Equity,11.20330048,2010
PHX US Equity,12.03320026,2011
PHX US Equity,12.86310005,2013
PHX US Equity,13.6928997,2016
PHX US Equity,14.52280045,2017
PHX US Equity,17.01239967,2018
MNOV US Equity,11.15699959,2010
MNOV US Equity,15.28929996,2017
TXMD US Equity,5.785099983,2010
TXMD US Equity,9.090900421,2011
TXMD US Equity,11.15699959,2012
TXMD US Equity,13.22309971,2014
TXMD US Equity,17.35540009,2016
MAXD US Equity,7.851200104,2010
INVU US Equity,8.264499664,2012
GENN US Equity,11.15699959,2010
GENN US Equity,15.28929996,2015
PTE US Equity,11.15699959,2010
PTE US Equity,12.80990028,2017
PTE US Equity,14.04959965,2018
PTE US Equity,16.52890015,2019
PALI US Equity,11.15699959,2010
PALI US Equity,13.63640022,2016
ZYXI US Equity,7.438000202,2011
ZYXI US Equity,10.74380016,2015
ZYXI US Equity,13.22309971,2018
ZYXI US Equity,15.28929996,2019
ZYXI US Equity,16.11569977,2020
MFIN US Equity,10.52630043,2010
MFIN US Equity,11.84210014,2011
MFIN US Equity,13.15789986,2017
MFIN US Equity,14.47369957,2018
MFIN US Equity,17.98250008,2020
RES US Equity,11.15699959,2010
RES US Equity,12.80990028,2015
RES US Equity,13.63640022,2016
AUD US Equity,11.15699959,2010
AUD US Equity,15.28929996,2012
AUD US Equity,14.04959965,2018
AUD US Equity,16.52890015,2019
DXLG US Equity,12.91870022,2010
DXLG US Equity,16.26790047,2017
AUTO US Equity,11.15699959,2010
AUTO US Equity,14.04959965,2017
AUTO US Equity,12.80990028,2018
LXRX US Equity,11.15699959,2010
LXRX US Equity,11.98349953,2013
LXRX US Equity,12.80990028,2014
LXRX US Equity,16.52890015,2016
OCC US Equity,11.15699959,2010
OCC US Equity,17.76860046,2017
CNET US Equity,12.80990028,2010
CNET US Equity,13.63640022,2016
STRM US Equity,11.15699959,2011
STRM US Equity,17.76860046,2017
BASXQ US Equity,11.15699959,2010
BASXQ US Equity,19.83469963,2014
BASXQ US Equity,15.70250034,2016
BASXQ US Equity,14.8760004,2017
AGEN US Equity,9.91740036,2010
AGEN US Equity,11.15699959,2011
AGEN US Equity,12.80990028,2016
AGEN US Equity,14.04959965,2017
AGEN US Equity,16.52890015,2018
BDSI US Equity,11.15699959,2010
BDSI US Equity,14.04959965,2016
BDSI US Equity,12.80990028,2018
NOVC US Equity,11.84210014,2010
NOVC US Equity,14.91230011,2015
YTEN US Equity,14.04959965,2010
YTEN US Equity,14.8760004,2011
YTEN US Equity,14.46280003,2017
YTEN US Equity,15.28929996,2018
AUSI US Equity,11.15699959,2011
BIMI US Equity,12.80990028,2010
BIMI US Equity,14.04959965,2014
BIMI US Equity,14.8760004,2019
BIMI US Equity,16.94210052,2020
RNWK US Equity,11.15699959,2010
RNWK US Equity,16.52890015,2017
RNWK US Equity,13.22309971,2019
PRSO US Equity,11.15699959,2010
PRSO US Equity,12.80990028,2016
PRSO US Equity,15.28929996,2018
SOHO US Equity,11.15699959,2011
SOHO US Equity,15.28929996,2017
SOHO US Equity,16.11569977,2018
ISSC US Equity,12.80990028,2010
ISSC US Equity,11.57019997,2018
ISSC US Equity,14.04959965,2020
FSP US Equity,11.15699959,2010
FSP US Equity,11.98349953,2012
FSP US Equity,12.80990028,2015
FSP US Equity,13.63640022,2017
SUWN US Equity,9.91740036,2010
ADES US Equity,11.15699959,2010
ADES US Equity,12.80990028,2017
ADES US Equity,14.8760004,2018
HBIO US Equity,14.04959965,2010
HBIO US Equity,12.80990028,2011
MOST US Equity,11.20330048,2011
MOST US Equity,10.37339973,2012
MOST US Equity,9.128600121,2013
MOST US Equity,8.713700294,2016
MOST US Equity,6.224100113,2017
XPL US Equity,15.28929996,2010
VASO US Equity,13.22309971,2011
VASO US Equity,14.04959965,2014
VASO US Equity,16.52890015,2016
SREV US Equity,11.15699959,2011
SREV US Equity,11.98349953,2014
SREV US Equity,14.04959965,2015
SREV US Equity,16.52890015,2017
SREV US Equity,19.00830078,2019
SREV US Equity,19.83469963,2020
MEEC US Equity,6.611599922,2010
MEEC US Equity,10.33059978,2015
MEEC US Equity,13.22309971,2017
MEEC US Equity,10.74380016,2018
ACUR US Equity,11.15699959,2010
ACUR US Equity,10.74380016,2017
ACUR US Equity,12.80990028,2020
OBLG US Equity,11.15699959,2011
OBLG US Equity,16.52890015,2016
VIRX US Equity,11.15699959,2010
VIRX US Equity,14.04959965,2016
CPRX US Equity,14.04959965,2014
CPRX US Equity,16.52890015,2017
CRIS US Equity,11.15699959,2010
CRIS US Equity,13.22309971,2012
CRIS US Equity,14.04959965,2016
AHT US Equity,11.15699959,2010
AHT US Equity,11.98349953,2012
AHT US Equity,16.94210052,2014
AHT US Equity,17.76860046,2016
AHT US Equity,18.59499931,2017
ACRX US Equity,7.851200104,2010
ACRX US Equity,11.98349953,2011
ACRX US Equity,11.15699959,2012
ACRX US Equity,15.28929996,2017
LTRX US Equity,11.15699959,2010
LTRX US Equity,16.52890015,2017
STAB US Equity,11.15699959,2010
STAB US Equity,9.91740036,2012
STAB US Equity,10.33059978,2015
STAB US Equity,16.52890015,2017
NL US Equity,11.15699959,2010
NL US Equity,14.04959965,2014
NL US Equity,12.80990028,2016
NL US Equity,16.52890015,2019
NL US Equity,17.35540009,2020
APEN US Equity,11.15699959,2010
APEN US Equity,15.28929996,2016
SYNE US Equity,11.15699959,2012
SYNE US Equity,15.28929996,2017
SYNE US Equity,14.04959965,2019
HIL US Equity,11.15699959,2010
HIL US Equity,11.98349953,2014
HIL US Equity,14.8760004,2015
HIL US Equity,17.35540009,2019
ARTW US Equity,11.15699959,2010
ARTW US Equity,15.28929996,2017
RFIL US Equity,11.15699959,2010
RFIL US Equity,11.98349953,2012
RFIL US Equity,14.04959965,2017
RFIL US Equity,16.52890015,2018
RFIL US Equity,15.28929996,2019
CRMZ US Equity,8.677700043,2010
CRMZ US Equity,11.15699959,2012
CRMZ US Equity,9.91740036,2013
CRMZ US Equity,18.59499931,2017
ZVO US Equity,11.15699959,2010
ZVO US Equity,14.8760004,2017
ZVO US Equity,17.35540009,2020
BSQR US Equity,11.15699959,2010
BSQR US Equity,9.91740036,2014
BSQR US Equity,15.28929996,2017
JVA US Equity,11.15699959,2010
JVA US Equity,15.28929996,2016
JVA US Equity,14.04959965,2017
GNW US Equity,13.5965004,2010
GNW US Equity,17.1053009,2013
GNW US Equity,17.98250008,2014
GNW US Equity,19.29820061,2017
GNW US Equity,32.01750183,2018
EMAN US Equity,16.52890015,2010
NNVC US Equity,7.024799824,2012
NNVC US Equity,9.91740036,2013
NNVC US Equity,14.04959965,2017
CRVW US Equity,6.611599922,2011
CRVW US Equity,8.677700043,2017
DHT US Equity,7.851200104,2013
DHT US Equity,10.74380016,2016
DHT US Equity,13.22309971,2018
DHT US Equity,15.70250034,2019
MNTX US Equity,11.15699959,2010
MNTX US Equity,14.8760004,2017
CPMV US Equity,13.22309971,2010
CPMV US Equity,9.91740036,2018
PNNT US Equity,11.84210014,2010
PNNT US Equity,14.47369957,2016
TNP US Equity,13.22309971,2010
TNP US Equity,14.46280003,2012
TNP US Equity,15.70250034,2015
TNP US Equity,16.52890015,2019
NM US Equity,7.851200104,2010
NM US Equity,11.57019997,2017
UONEK US Equity,11.15699959,2010
UONEK US Equity,14.04959965,2015
IDN US Equity,12.80990028,2010
IDN US Equity,14.04959965,2016
IDN US Equity,14.8760004,2018
OIS US Equity,18.59499931,2010
OIS US Equity,17.35540009,2013
OIS US Equity,16.11569977,2014
OIS US Equity,16.94210052,2015
OIS US Equity,29.33880043,2019
OGEN US Equity,11.15699959,2010
OGEN US Equity,13.22309971,2012
OGEN US Equity,14.04959965,2015
OGEN US Equity,12.80990028,2016
HNRG US Equity,11.20330048,2010
HNRG US Equity,14.10789967,2017
TAST US Equity,11.15699959,2010
TAST US Equity,16.52890015,2016
VIDE US Equity,11.15699959,2012
CLRB US Equity,7.851200104,2010
CLRB US Equity,11.15699959,2014
CLRB US Equity,15.28929996,2016
CNSL US Equity,11.1111002,2010
CNSL US Equity,13.99180031,2015
CNSL US Equity,15.22630024,2016
CNSL US Equity,20.16460037,2017
CNSL US Equity,22.63369942,2019
AMRS US Equity,11.15699959,2010
AMRS US Equity,13.63640022,2017
AMRS US Equity,14.8760004,2018
EDU US Equity,14.04959965,2015
LLNW US Equity,11.15699959,2010
LLNW US Equity,16.52890015,2016
UNSS US Equity,7.438000202,2010
DHX US Equity,11.15699959,2010
DHX US Equity,11.98349953,2016
DHX US Equity,14.8760004,2017
DHX US Equity,17.35540009,2018
CTHR US Equity,11.15699959,2010
CTHR US Equity,16.52890015,2013
GLRE US Equity,11.84210014,2010
GLRE US Equity,18.42110062,2012
GLRE US Equity,17.54389954,2018
CMCT US Equity,11.15699959,2010
CMCT US Equity,9.090900421,2013
CMCT US Equity,14.8760004,2017
CMCT US Equity,15.70250034,2020
KNDI US Equity,14.04959965,2010
KNDI US Equity,16.11569977,2015
KNDI US Equity,15.28929996,2017
PFIE US Equity,10.33059978,2012
PFIE US Equity,11.15699959,2014
PFIE US Equity,13.63640022,2017
AP US Equity,14.04959965,2010
AP US Equity,14.8760004,2016
FRBK US Equity,11.84210014,2010
FRBK US Equity,13.5965004,2016
FRBK US Equity,15.78950024,2019
KOS US Equity,11.20330048,2011
KOS US Equity,33.19499969,2012
KOS US Equity,36.09960175,2013
KOS US Equity,41.90869904,2014
KOS US Equity,44.39830017,2015
KOS US Equity,45.22819901,2016
KOS US Equity,50.20750046,2017
KOS US Equity,56.8465004,2018
KOS US Equity,66.38999939,2019
JCS US Equity,14.04959965,2010
JCS US Equity,12.80990028,2011
JCS US Equity,15.28929996,2016
PRKR US Equity,11.15699959,2010
PRKR US Equity,12.80990028,2016
PRKR US Equity,14.04959965,2017
RCON US Equity,12.80990028,2010
RCON US Equity,11.57019997,2011
RCON US Equity,9.91740036,2012
UTSI US Equity,12.80990028,2010
UTSI US Equity,9.504099846,2011
UTSI US Equity,10.74380016,2012
UTSI US Equity,11.98349953,2017
LTBR US Equity,8.677700043,2010
LTBR US Equity,9.91740036,2013
LTBR US Equity,11.98349953,2014
LTBR US Equity,11.15699959,2015
LTBR US Equity,12.80990028,2017
CDXC US Equity,11.15699959,2010
CDXC US Equity,10.33059978,2012
CDXC US Equity,14.8760004,2016
ENZ US Equity,12.80990028,2011
ENZ US Equity,14.04959965,2012
ENZ US Equity,14.8760004,2016
ABCP US Equity,11.84210014,2010
ABCP US Equity,10.96490002,2017
ABCP US Equity,13.5965004,2018
ATHX US Equity,11.15699959,2010
ATHX US Equity,11.98349953,2014
ATHX US Equity,14.04959965,2015
ATHX US Equity,16.52890015,2018
ALIM US Equity,14.04959965,2010
ALIM US Equity,15.28929996,2015
FLNT US Equity,10.74380016,2010
FLNT US Equity,13.22309971,2014
FLNT US Equity,15.28929996,2016
SGMO US Equity,14.04959965,2010
BTN US Equity,11.15699959,2010
BTN US Equity,14.04959965,2016
HL US Equity,11.15699959,2010
HL US Equity,11.98349953,2011
HL US Equity,14.8760004,2012
HL US Equity,15.70250034,2013
HL US Equity,16.52890015,2015
HL US Equity,23.55369949,2017
HL US Equity,32.23139954,2018
HL US Equity,38.42979813,2019
CRGS US Equity,11.15699959,2010
CRGS US Equity,16.52890015,2015
IVFH US Equity,13.22309971,2010
IVFH US Equity,11.98349953,2011
IVFH US Equity,10.33059978,2012
IVFH US Equity,9.504099846,2013
IVFH US Equity,10.74380016,2016
QUMU US Equity,11.15699959,2010
QUMU US Equity,18.18180084,2016
QUMU US Equity,17.35540009,2020
HDSN US Equity,20.66119957,2010
HDSN US Equity,21.9008007,2016
SSY US Equity,10.74380016,2010
ACY US Equity,10.52630043,2010
ACY US Equity,11.4034996,2011
ACY US Equity,14.91230011,2012
ACY US Equity,16.22809982,2013
ACY US Equity,15.78950024,2016
SANW US Equity,11.15699959,2010
NAVB US Equity,11.15699959,2010
NAVB US Equity,11.98349953,2012
NAVB US Equity,14.04959965,2015
NAVB US Equity,15.28929996,2017
SOFO US Equity,11.15699959,2010
SOFO US Equity,14.04959965,2017
HUSA US Equity,12.03320026,2010
HUSA US Equity,11.20330048,2011
HUSA US Equity,8.713700294,2012
HUSA US Equity,14.10789967,2013
HUSA US Equity,14.93780041,2016
SOL US Equity,7.851200104,2010
SOL US Equity,8.677700043,2012
SOL US Equity,9.504099846,2015
SOL US Equity,10.33059978,2017
EVOL US Equity,12.80990028,2010
EVOL US Equity,16.11569977,2016
EVOL US Equity,14.8760004,2018
SEEL US Equity,11.15699959,2010
SEEL US Equity,14.04959965,2016
OEG US Equity,7.851200104,2010
OEG US Equity,9.91740036,2015
OEG US Equity,11.57019997,2016
ADT US Equity,19.00830078,2017
ADT US Equity,19.83469963,2019
INFI US Equity,13.22309971,2010
INFI US Equity,16.52890015,2015
XTNT US Equity,11.15699959,2010
WMC US Equity,14.91230011,2012
VEON US Equity,7.851200104,2010
VEON US Equity,17.76860046,2012
VEON US Equity,28.92560005,2013
VEON US Equity,34.71070099,2014
VEON US Equity,32.23139954,2016
VEON US Equity,34.29750061,2017
VEON US Equity,33.47109985,2018
AVDL US Equity,5.785099983,2012
AVDL US Equity,11.15699959,2015
AVDL US Equity,13.22309971,2016
AVDL US Equity,17.76860046,2017
AVDL US Equity,16.52890015,2018
GEVO US Equity,8.677700043,2010
GEVO US Equity,11.15699959,2011
GEVO US Equity,13.22309971,2013
GEVO US Equity,9.91740036,2014
CRMD US Equity,11.98349953,2014
CRMD US Equity,12.80990028,2015
CRMD US Equity,11.57019997,2018
OTRK US Equity,13.22309971,2015
OTRK US Equity,15.70250034,2017
OTRK US Equity,16.52890015,2018
BRFH US Equity,7.851200104,2012
FLDM US Equity,14.04959965,2010
FLDM US Equity,15.28929996,2019
FLDM US Equity,18.59499931,2020
CEI US Equity,11.20330048,2010
CEI US Equity,14.10789967,2017
CEI US Equity,12.86310005,2018
CEI US Equity,15.35270023,2019
NYMT US Equity,11.84210014,2010
NYMT US Equity,16.22809982,2016
SGBI US Equity,4.132199764,2012
SGBI US Equity,7.851200104,2015
SGBI US Equity,8.677700043,2017
SXC US Equity,11.98349953,2011
SXC US Equity,11.15699959,2013
SXC US Equity,17.35540009,2017
SXC US Equity,18.59499931,2018
SXC US Equity,40.08259964,2019
SXC US Equity,43.80170059,2020
OMTK US Equity,9.090900421,2011
OCSL US Equity,11.84210014,2010
OCSL US Equity,12.28069973,2017
OCSL US Equity,13.5965004,2018
IBIO US Equity,13.22309971,2011
IBIO US Equity,14.04959965,2012
CBAT US Equity,12.80990028,2010
CBAT US Equity,11.98349953,2014
CBAT US Equity,14.04959965,2015
CBAT US Equity,13.22309971,2017
CBAT US Equity,32.07929993,2019
CBAT US Equity,10.74380016,2020
AGRO US Equity,35.53720093,2017
NEON US Equity,13.22309971,2011
NEON US Equity,14.04959965,2015
ANTE US Equity,6.611599922,2012
ANTE US Equity,7.851200104,2013
ACFN US Equity,11.15699959,2010
ACFN US Equity,7.851200104,2014
ACFN US Equity,16.52890015,2017
SFUN US Equity,8.677700043,2010
SFUN US Equity,12.80990028,2015
TCRT US Equity,12.80990028,2010
TCRT US Equity,14.04959965,2015
CMGR US Equity,11.15699959,2010
RAIL US Equity,11.15699959,2010
RAIL US Equity,11.98349953,2014
RAIL US Equity,18.18180084,2017
RAIL US Equity,16.94210052,2020
SSKN US Equity,11.15699959,2010
SSKN US Equity,10.33059978,2011
SSKN US Equity,12.80990028,2017
RRTS US Equity,11.15699959,2010
RRTS US Equity,10.33059978,2011
RRTS US Equity,10.74380016,2016
RRTS US Equity,16.52890015,2017
MLCT US Equity,4.95870018,2011
MLCT US Equity,11.98349953,2012
MLCT US Equity,12.80990028,2013
UIHC US Equity,14.91230011,2010
UIHC US Equity,13.5965004,2011
UIHC US Equity,15.78950024,2015
UIHC US Equity,16.66670036,2016
UIHC US Equity,17.54389954,2018
STRI US Equity,11.15699959,2010
CYAN US Equity,11.15699959,2010
CYAN US Equity,11.98349953,2014
CYAN US Equity,14.04959965,2015
CYAN US Equity,15.28929996,2017
AMPE US Equity,11.15699959,2010
AMPE US Equity,15.28929996,2016
VRUS US Equity,7.438000202,2019
NTWK US Equity,11.15699959,2011
NTWK US Equity,11.98349953,2014
NTWK US Equity,15.28929996,2015
NTWK US Equity,16.11569977,2017
NTWK US Equity,14.8760004,2020
KALY US Equity,8.264499664,2010
KALY US Equity,10.33059978,2011
CVU US Equity,11.15699959,2010
CVU US Equity,14.04959965,2017
CVU US Equity,15.28929996,2020
AWH US Equity,11.15699959,2012
ISR US Equity,14.04959965,2010
AVEO US Equity,14.04959965,2010
AVEO US Equity,15.28929996,2020
NLY US Equity,14.91230011,2010
NLY US Equity,18.85960007,2013
NLY US Equity,32.23020172,2015
NLY US Equity,32.51179886,2016
NLY US Equity,32.85380173,2017
NLY US Equity,37.46099854,2018
NLY US Equity,38.31610107,2019
ESGC US Equity,11.15699959,2010
ESGC US Equity,8.677700043,2014
ESGC US Equity,14.8760004,2018
BDCO US Equity,11.20330048,2011
BDCO US Equity,13.6928997,2015
BDCO US Equity,12.44810009,2016
BDCO US Equity,15.76760006,2019
NR US Equity,14.04959965,2010
NR US Equity,31.76740074,2012
NR US Equity,17.35540009,2014
NR US Equity,18.59499931,2015
NR US Equity,19.83469963,2016
NR US Equity,21.48760033,2018
NR US Equity,20.66119957,2019
IDXG US Equity,11.15699959,2010
IDXG US Equity,8.677700043,2015
IDXG US Equity,14.04959965,2016
IDXG US Equity,16.52890015,2017
WSTL US Equity,12.80990028,2010
WSTL US Equity,14.04959965,2015
WSTL US Equity,16.11569977,2017
WCUI US Equity,7.851200104,2011
IMMR US Equity,11.15699959,2010
IMMR US Equity,13.22309971,2016
IMMR US Equity,14.04959965,2017
IMMR US Equity,12.80990028,2018
AUMN US Equity,9.91740036,2010
UAMY US Equity,7.851200104,2010
UAMY US Equity,11.15699959,2012
UAMY US Equity,9.91740036,2015
UAMY US Equity,14.04959965,2017
VERU US Equity,14.04959965,2010
CYCC US Equity,11.15699959,2010
CYCC US Equity,8.677700043,2012
CYCC US Equity,14.8760004,2017
CYCC US Equity,17.35540009,2018
CYCC US Equity,16.11569977,2019
CYCC US Equity,15.28929996,2020
CPHI US Equity,22.85479927,2010
CPHI US Equity,15.28929996,2011
CPHI US Equity,14.04959965,2015
BKCC US Equity,11.84210014,2010
BKCC US Equity,13.5965004,2017
BKCC US Equity,28.94079971,2020
UEC US Equity,12.80990028,2010
UEC US Equity,14.04959965,2020
ASMB US Equity,11.15699959,2010
ASMB US Equity,11.98349953,2011
ASMB US Equity,12.80990028,2015
ASMB US Equity,14.04959965,2018
USEG US Equity,15.76760006,2010
SHMP US Equity,6.198299885,2011
SHMP US Equity,8.677700043,2014
SHMP US Equity,9.090900421,2015
TWO US Equity,11.84210014,2010
TWO US Equity,16.22809982,2015
TWO US Equity,17.1053009,2017
GSAT US Equity,11.15699959,2010
GSAT US Equity,10.33059978,2014
GSAT US Equity,18.18180084,2017
SITOQ US Equity,6.611599922,2010
SITOQ US Equity,12.80990028,2011
SITOQ US Equity,11.98349953,2012
SITOQ US Equity,10.33059978,2013
SITOQ US Equity,13.63640022,2014
SITOQ US Equity,11.15699959,2017
PLAG US Equity,12.39669991,2010
PLAG US Equity,11.57019997,2011
PLAG US Equity,10.33059978,2012
PLAG US Equity,12.80990028,2017
PALT US Equity,7.851200104,2010
PALT US Equity,9.090900421,2011
PALT US Equity,10.33059978,2015
PALT US Equity,11.15699959,2016
PALT US Equity,12.80990028,2017
PALT US Equity,15.28929996,2018
FBIO US Equity,11.15699959,2011
FBIO US Equity,12.80990028,2016
UOLI US Equity,7.438000202,2010
UOLI US Equity,9.504099846,2011
LWAY US Equity,11.96170044,2010
LWAY US Equity,10.52630043,2011
LWAY US Equity,12.91870022,2014
LWAY US Equity,11.48330021,2015
LWAY US Equity,19.13879967,2017
OMER US Equity,11.15699959,2010
OMER US Equity,9.91740036,2012
OMER US Equity,14.04959965,2017
OMER US Equity,12.80990028,2018
GNE US Equity,16.11569977,2012
LBTI US Equity,14.04959965,2010
LBTI US Equity,16.11569977,2012
LBTI US Equity,14.8760004,2014
LBTI US Equity,11.98349953,2016
LBTI US Equity,12.80990028,2017
IMH US Equity,17.54389954,2010
RDUS US Equity,9.504099846,2012
RDUS US Equity,12.80990028,2014
RDUS US Equity,11.57019997,2015
RDUS US Equity,16.52890015,2017
RDUS US Equity,17.76860046,2020
ALT US Equity,11.15699959,2010
ALT US Equity,15.70250034,2018
ESOA US Equity,11.98349953,2010
ESOA US Equity,13.22309971,2020
BKD US Equity,13.63640022,2010
BKD US Equity,35.12400055,2015
BKD US Equity,27.68600082,2016
BKD US Equity,30.16530037,2018
BKD US Equity,26.03310013,2019
BKD US Equity,26.44630051,2020
NLST US Equity,11.15699959,2010
NLST US Equity,9.91740036,2014
NLST US Equity,17.76860046,2017
NLST US Equity,20.24790001,2019
XXII US Equity,10.33059978,2011
XXII US Equity,11.15699959,2012
XXII US Equity,11.98349953,2014
XXII US Equity,12.80990028,2017
AAME US Equity,11.84210014,2010
AAME US Equity,12.71930027,2016
AAME US Equity,17.1053009,2017
AAME US Equity,29.20229912,2019
INOD US Equity,14.04959965,2010
INOD US Equity,12.80990028,2013
AXDX US Equity,11.15699959,2010
AXDX US Equity,15.28929996,2017
AXDX US Equity,16.52890015,2020
RGS US Equity,16.26790047,2010
RGS US Equity,17.70330048,2013
CVM US Equity,9.91740036,2010
CVM US Equity,11.15699959,2012
CVM US Equity,14.46280003,2019
KTCC US Equity,11.15699959,2011
KTCC US Equity,11.98349953,2014
KTCC US Equity,17.76860046,2015
KTCC US Equity,16.52890015,2016
KTCC US Equity,19.42149925,2017
MDXG US Equity,11.15699959,2010
MDXG US Equity,9.91740036,2011
MDXG US Equity,14.04959965,2015
FCEL US Equity,11.15699959,2010
FCEL US Equity,17.76860046,2011
FCEL US Equity,16.52890015,2013
FCEL US Equity,19.00830078,2014
FCEL US Equity,20.24790001,2015
FCEL US Equity,22.31399918,2017
FCEL US Equity,23.14049911,2018
FCEL US Equity,24.38019943,2020
SIAF US Equity,8.677700043,2010
SIAF US Equity,9.504099846,2012
SIAF US Equity,10.33059978,2013
ENG US Equity,16.11569977,2010
ENG US Equity,17.35540009,2020
WWR US Equity,9.91740036,2010
WWR US Equity,14.04959965,2011
WWR US Equity,14.8760004,2017
JAN US Equity,14.04959965,2010
JAN US Equity,14.8760004,2014
JAN US Equity,17.35540009,2015
JAN US Equity,16.11569977,2017
JAN US Equity,13.63640022,2018
CTLP US Equity,11.15699959,2010
CTLP US Equity,12.80990028,2011
CTLP US Equity,9.504099846,2019
HALL US Equity,14.03509998,2010
HALL US Equity,11.84210014,2011
HALL US Equity,15.78950024,2017
AIM US Equity,11.15699959,2010
AIM US Equity,16.52890015,2017
OPK US Equity,11.15699959,2010
OPK US Equity,8.677700043,2012
OPK US Equity,9.91740036,2013
OPK US Equity,12.80990028,2015
OPK US Equity,15.28929996,2016
OPK US Equity,16.52890015,2017
OPK US Equity,17.35540009,2020
BBGI US Equity,11.15699959,2010
BBGI US Equity,11.98349953,2012
BBGI US Equity,15.28929996,2014
BBGI US Equity,16.52890015,2015
BBGI US Equity,16.11569977,2017
ULBI US Equity,14.8760004,2010
ULBI US Equity,17.35540009,2012
ULBI US Equity,18.59499931,2016
EPM US Equity,11.20330048,2010
EPM US Equity,15.35270023,2011
EPM US Equity,16.59749985,2015
EPM US Equity,18.25729942,2018
OMEX US Equity,11.98349953,2010
OMEX US Equity,11.15699959,2011
OMEX US Equity,12.80990028,2015
OMEX US Equity,14.04959965,2017
FRO US Equity,7.024799824,2010
FRO US Equity,9.504099846,2011
FRO US Equity,10.74380016,2012
TTI US Equity,13.27799988,2010
TTI US Equity,14.93780041,2015
TTI US Equity,17.42740059,2018
TTI US Equity,19.91699982,2019
SWN US Equity,17.42740059,2010
SWN US Equity,18.25729942,2012
SWN US Equity,19.50209999,2013
SWN US Equity,32.78010178,2014
SWN US Equity,33.61000061,2015
SWN US Equity,37.3443985,2016
SWN US Equity,38.58919907,2017
SWN US Equity,36.92950058,2018
SWN US Equity,39.0041008,2019
TTNP US Equity,7.851200104,2010
TTNP US Equity,11.15699959,2011
TTNP US Equity,11.98349953,2012
TTNP US Equity,12.80990028,2015
TTNP US Equity,14.04959965,2019
SBSAA US Equity,14.04959965,2010
SBSAA US Equity,14.8760004,2018
SMSI US Equity,11.15699959,2010
SMSI US Equity,14.04959965,2014
VHC US Equity,11.15699959,2010
VHC US Equity,9.91740036,2011
VHC US Equity,13.63640022,2016
VHC US Equity,14.8760004,2019
MHTX US Equity,3.719000101,2010
MHTX US Equity,7.851200104,2011
MHTX US Equity,9.91740036,2017
CBKCQ US Equity,12.91870022,2011
CBKCQ US Equity,13.87559986,2013
CBKCQ US Equity,20.09569931,2017
ONCT US Equity,14.04959965,2010
ONCT US Equity,15.28929996,2016
ONCT US Equity,11.98349953,2018
MRKR US Equity,12.80990028,2016
MRKR US Equity,14.04959965,2018
MRKR US Equity,15.28929996,2019
LODE US Equity,10.33059978,2010
LODE US Equity,9.090900421,2011
LODE US Equity,7.851200104,2013
LODE US Equity,18.18180084,2016
BSPK US Equity,8.677700043,2012
BSPK US Equity,9.504099846,2017
BSPK US Equity,10.33059978,2018
CAMP US Equity,13.22309971,2010
CAMP US Equity,11.15699959,2012
CAMP US Equity,14.8760004,2017
CAMP US Equity,17.35540009,2018
CGEN US Equity,6.611599922,2010
CGEN US Equity,7.851200104,2013
CGEN US Equity,9.504099846,2017
WYY US Equity,14.04959965,2010
WYY US Equity,15.28929996,2016
NMGX US Equity,4.95870018,2010
NMGX US Equity,7.438000202,2011
NMGX US Equity,9.91740036,2013
NMGX US Equity,7.851200104,2014
NMGX US Equity,10.74380016,2017
NMGX US Equity,11.98349953,2019
FNHC US Equity,10.96490002,2010
FNHC US Equity,11.84210014,2011
FNHC US Equity,16.22809982,2014
FNHC US Equity,19.29820061,2016
FNHC US Equity,20.61400032,2020
MG US Equity,11.15699959,2010
MG US Equity,14.04959965,2016
MG US Equity,14.8760004,2017
MG US Equity,17.35540009,2018
TTSH US Equity,13.22309971,2012
TTSH US Equity,17.35540009,2014
TTSH US Equity,18.18180084,2016
ORN US Equity,11.15699959,2010
ORN US Equity,11.98349953,2012
ORN US Equity,13.22309971,2013
ORN US Equity,14.04959965,2014
ORN US Equity,14.8760004,2016
ORN US Equity,16.11569977,2017
ORN US Equity,17.35540009,2019
CRDF US Equity,11.15699959,2011
CRDF US Equity,14.04959965,2017
CRDF US Equity,13.22309971,2018
CRDF US Equity,16.52890015,2020
IRIX US Equity,11.15699959,2010
IRIX US Equity,19.00830078,2017
AXAS US Equity,14.52280045,2010
AXAS US Equity,17.84230042,2012
AXAS US Equity,17.42740059,2015
MEIP US Equity,8.677700043,2010
MEIP US Equity,11.15699959,2011
MEIP US Equity,14.04959965,2017
MEIP US Equity,15.28929996,2018
MEIP US Equity,16.52890015,2020
SCWO US Equity,7.438000202,2010
SCWO US Equity,8.677700043,2011
QMCO US Equity,11.98349953,2010
QMCO US Equity,7.438000202,2016
QMCO US Equity,12.80990028,2017
QMCO US Equity,17.35540009,2019
HLX US Equity,11.20330048,2010
HLX US Equity,17.84230042,2015
HLX US Equity,21.57679939,2017
HLX US Equity,27.3859005,2018
GVP US Equity,12.80990028,2010
ELTP US Equity,8.264499664,2010
ELTP US Equity,14.04959965,2011
ELTP US Equity,9.090900421,2018
ELTP US Equity,14.8760004,2019
ELTP US Equity,11.57019997,2020
CVGI US Equity,14.04959965,2010
CVGI US Equity,12.80990028,2011
CVGI US Equity,15.28929996,2016
CVGI US Equity,16.52890015,2019
CVGI US Equity,17.76860046,2020
ENDP US Equity,14.8760004,2010
ENDP US Equity,16.94210052,2015
ENDP US Equity,20.66119957,2017
ENDP US Equity,25.61980057,2018
ENDP US Equity,33.05789948,2019
ENDP US Equity,36.77690125,2020
IDEX US Equity,7.438000202,2011
IDEX US Equity,6.611599922,2013
IDEX US Equity,11.15699959,2015
IDEX US Equity,10.74380016,2017
IDEX US Equity,14.04959965,2018
IDEX US Equity,12.80990028,2019
INIS US Equity,12.80990028,2010
LQMT US Equity,10.33059978,2010
LQMT US Equity,11.15699959,2011
LQMT US Equity,7.851200104,2016
LQMT US Equity,14.04959965,2017
LQMT US Equity,10.74380016,2018
LUB US Equity,12.91870022,2010
LUB US Equity,16.26790047,2011
LUB US Equity,17.22489929,2016
LUB US Equity,27.48209953,2020
PBI US Equity,27.27269936,2010
PBI US Equity,29.75209999,2011
PBI US Equity,28.51239967,2012
PBI US Equity,26.03310013,2013
PBI US Equity,30.99169922,2015
PBI US Equity,28.92560005,2016
PBI US Equity,33.88430023,2017
PBI US Equity,35.53720093,2018
PBI US Equity,36.77690125,2019
RDI US Equity,11.15699959,2010
RDI US Equity,7.851200104,2016
RDI US Equity,14.04959965,2017
KOPN US Equity,11.15699959,2010
KOPN US Equity,16.52890015,2016
HHS US Equity,15.28929996,2010
HHS US Equity,18.59499931,2016
HHS US Equity,19.83469963,2020
III US Equity,11.15699959,2010
III US Equity,11.98349953,2014
III US Equity,16.11569977,2017
FACO US Equity,14.91230011,2010
FACO US Equity,17.54389954,2017
FACO US Equity,12.71930027,2018
CODA US Equity,15.28929996,2017
FALC US Equity,13.22309971,2010
FALC US Equity,15.28929996,2017
CDZI US Equity,8.677700043,2010
CDZI US Equity,11.15699959,2011
CDZI US Equity,11.98349953,2012
CDZI US Equity,12.80990028,2016
CDZI US Equity,14.04959965,2018
PXLW US Equity,11.15699959,2010
PXLW US Equity,15.28929996,2015
PXLW US Equity,16.11569977,2016
ISCO US Equity,11.15699959,2010
ISCO US Equity,12.80990028,2017
ISCO US Equity,14.04959965,2020
CLBS US Equity,9.090900421,2011
CLBS US Equity,11.15699959,2012
CLBS US Equity,14.04959965,2017
VXRT US Equity,9.91740036,2010
VXRT US Equity,6.611599922,2011
VXRT US Equity,11.15699959,2013
VXRT US Equity,14.04959965,2016
VXRT US Equity,10.74380016,2017
CLVS US Equity,11.15699959,2011
CLVS US Equity,11.57019997,2015
CLVS US Equity,15.28929996,2016
RIGL US Equity,11.15699959,2010
RIGL US Equity,14.04959965,2015
REI US Equity,16.59749985,2013
REI US Equity,17.42740059,2016
REI US Equity,24.48130035,2019
INO US Equity,11.15699959,2010
INO US Equity,14.04959965,2017
INO US Equity,15.28929996,2019
MIC US Equity,11.15699959,2010
MIC US Equity,11.98349953,2011
MIC US Equity,10.74380016,2013
MIC US Equity,20.24790001,2015
MIC US Equity,21.9008007,2016
MIC US Equity,27.68600082,2017
MIC US Equity,34.29750061,2018
MIC US Equity,38.8429985,2019
ADXS US Equity,11.15699959,2010
ADXS US Equity,14.46280003,2017
ADXS US Equity,15.28929996,2018
SALM US Equity,11.15699959,2010
SALM US Equity,9.91740036,2015
SALM US Equity,13.22309971,2016
SALM US Equity,14.04959965,2017
RGSEQ US Equity,12.86310005,2010
RGSEQ US Equity,12.03320026,2012
NLS US Equity,11.15699959,2010
NLS US Equity,14.8760004,2017
NLS US Equity,17.35540009,2019
GTHP US Equity,11.15699959,2010
GTHP US Equity,14.04959965,2016
GTHP US Equity,13.22309971,2017
GTHP US Equity,10.74380016,2018
STCN US Equity,34.29750061,2010
STCN US Equity,44.62810135,2011
STCN US Equity,35.53720093,2012
STCN US Equity,38.8429985,2013
STCN US Equity,38.01649857,2015
STCN US Equity,35.95040131,2016
STCN US Equity,41.73550034,2017
STCN US Equity,37.60329819,2018
STCN US Equity,43.80170059,2019
OESX US Equity,11.15699959,2010
OESX US Equity,14.04959965,2017
OESX US Equity,15.28929996,2020
ESMC US Equity,14.04959965,2010
ESMC US Equity,12.80990028,2015
ESMC US Equity,10.74380016,2017
NBSE US Equity,6.611599922,2010
NBSE US Equity,8.264499664,2012
NBSE US Equity,12.80990028,2013
NBSE US Equity,7.851200104,2018
BBI US Equity,14.04959965,2010
BBI US Equity,12.80990028,2019
MCHX US Equity,11.15699959,2010
MCHX US Equity,13.22309971,2017
MCHX US Equity,10.74380016,2020
CLNE US Equity,11.15699959,2010
CLNE US Equity,32.64459991,2017
CLNE US Equity,23.96689987,2018
CLNE US Equity,16.11569977,2019
CLNE US Equity,35.53720093,2020
DS US Equity,9.91740036,2010
DS US Equity,14.8760004,2017
DS US Equity,11.57019997,2019
TURV US Equity,7.547200203,2010
TURV US Equity,10.56599998,2015
TURV US Equity,11.69810009,2016
GNSS US Equity,11.15699959,2010
GNSS US Equity,14.04959965,2017
GNSS US Equity,33.00469971,2020
LMNL US Equity,11.15699959,2012
LMNL US Equity,10.74380016,2015
LMNL US Equity,16.52890015,2017
LMNL US Equity,15.28929996,2018
LMNL US Equity,13.22309971,2020
ACCO US Equity,11.15699959,2010
ACCO US Equity,11.98349953,2013
ACCO US Equity,19.83469963,2015
ACCO US Equity,26.85950089,2016
ACCO US Equity,28.92560005,2017
ACCO US Equity,29.75209999,2018
ACCO US Equity,35.53720093,2019
CAWW US Equity,11.15699959,2010
CAWW US Equity,15.28929996,2016
CAWW US Equity,11.98349953,2018
PPSI US Equity,9.504099846,2011
PPSI US Equity,12.80990028,2013
PPSI US Equity,11.98349953,2015
RCMT US Equity,11.15699959,2010
RCMT US Equity,6.611599922,2013
RCMT US Equity,14.8760004,2017
RCMT US Equity,16.11569977,2019
KFFB US Equity,14.03509998,2010
KFFB US Equity,13.15789986,2011
KFFB US Equity,14.91230011,2012
KFFB US Equity,15.78950024,2018
KFFB US Equity,16.66670036,2020
ARC US Equity,9.91740036,2010
ARC US Equity,11.15699959,2011
ARC US Equity,13.63640022,2017
ARC US Equity,16.11569977,2019
GTTNQ US Equity,11.15699959,2010
GTTNQ US Equity,12.80990028,2015
GTTNQ US Equity,15.28929996,2018
ALR US Equity,14.04959965,2010
ALR US Equity,12.80990028,2013
ALR US Equity,15.28929996,2014
NEGG US Equity,11.15699959,2010
NEGG US Equity,15.28929996,2011
NEGG US Equity,13.22309971,2013
LINC US Equity,11.15699959,2010
LINC US Equity,14.04959965,2017
HMTV US Equity,7.851200104,2011
HMTV US Equity,11.15699959,2013
HMTV US Equity,12.80990028,2017
HMTV US Equity,11.57019997,2019
HGSH US Equity,12.80990028,2010
HGSH US Equity,14.04959965,2018
CLSN US Equity,11.15699959,2010
CLSN US Equity,13.22309971,2013
CLSN US Equity,14.04959965,2015
CLSN US Equity,16.52890015,2016
BPTH US Equity,10.33059978,2011
BPTH US Equity,9.91740036,2014
BPTH US Equity,11.15699959,2015
BPTH US Equity,14.04959965,2016
CHCI US Equity,11.15699959,2010
CHCI US Equity,16.52890015,2017
CHCI US Equity,17.35540009,2018
LIXT US Equity,7.851200104,2011
GTE US Equity,11.20330048,2010
GTE US Equity,28.21579933,2013
GTE US Equity,37.3443985,2014
GTE US Equity,41.49380112,2015
GTE US Equity,43.56850052,2016
GTE US Equity,42.32369995,2017
GTE US Equity,48.13280106,2018
GTE US Equity,46.88800049,2019
OCUP US Equity,13.16870022,2010
OCUP US Equity,11.1111002,2011
OCUP US Equity,13.99180031,2015
OCUP US Equity,10.69960022,2019
PSIX US Equity,11.98349953,2011
PSIX US Equity,10.74380016,2017
PSIX US Equity,13.22309971,2018
PSIX US Equity,17.35540009,2019
IVR US Equity,12.71930027,2010
IVR US Equity,16.22809982,2017
SNCR US Equity,13.22309971,2010
SNCR US Equity,14.04959965,2011
SNCR US Equity,16.52890015,2012
SNCR US Equity,18.59499931,2016
RLGT US Equity,11.15699959,2012
RLGT US Equity,14.04959965,2014
RLGT US Equity,16.52890015,2018
PCTI US Equity,11.15699959,2010
PCTI US Equity,9.91740036,2015
PCTI US Equity,16.11569977,2017
CORR US Equity,11.15699959,2015
CORR US Equity,14.8760004,2016
CORR US Equity,16.52890015,2017
FTFT US Equity,14.8760004,2011
FTFT US Equity,17.35540009,2015
ZNOG US Equity,14.10789967,2010
ATNM US Equity,10.33059978,2012
ATNM US Equity,15.28929996,2016
DALN US Equity,11.15699959,2010
DALN US Equity,11.98349953,2011
ITP US Equity,14.04959965,2010
ITP US Equity,11.98349953,2011
ITP US Equity,12.80990028,2013
ITP US Equity,13.22309971,2016
ITP US Equity,14.8760004,2018
CPIX US Equity,11.15699959,2010
CPIX US Equity,14.04959965,2017
CPIX US Equity,15.28929996,2019
TENX US Equity,11.15699959,2011
TENX US Equity,13.22309971,2014
TENX US Equity,15.28929996,2017
CHGI US Equity,9.504099846,2010
CHGI US Equity,7.438000202,2012
CHGI US Equity,8.264499664,2015
GERN US Equity,11.15699959,2010
GERN US Equity,15.28929996,2016
GERN US Equity,16.11569977,2019
BWEN US Equity,14.04959965,2010
BWEN US Equity,15.28929996,2013
BWEN US Equity,16.11569977,2015
BWEN US Equity,16.94210052,2017
BWEN US Equity,18.59499931,2020
FCCN US Equity,6.611599922,2010
FCCN US Equity,8.677700043,2017
KBLB US Equity,7.851200104,2013
KBLB US Equity,9.090900421,2014
FF US Equity,11.15699959,2010
FF US Equity,15.28929996,2017
FF US Equity,16.52890015,2019
ACHV US Equity,11.15699959,2010
ACHV US Equity,14.04959965,2016
ACHV US Equity,16.11569977,2017
CBPI US Equity,9.91740036,2010
CBPI US Equity,10.74380016,2011
MVIS US Equity,11.15699959,2010
MVIS US Equity,16.52890015,2017
FCRD US Equity,13.5965004,2010
VATE US Equity,11.15699959,2010
VATE US Equity,15.28929996,2017
VATE US Equity,14.04959965,2019
PAYS US Equity,12.80990028,2015
PAYS US Equity,17.35540009,2017
PAYS US Equity,18.18180084,2018
TEUM US Equity,11.98349953,2010
TEUM US Equity,11.15699959,2011
TEUM US Equity,9.91740036,2014
TEUM US Equity,16.11569977,2017
TEUM US Equity,15.28929996,2018
ARAY US Equity,11.15699959,2012
ARAY US Equity,14.04959965,2017
ARAY US Equity,16.52890015,2018
ARAY US Equity,17.35540009,2020
LCTX US Equity,11.15699959,2010
LCTX US Equity,15.28929996,2017
MTEM US Equity,13.22309971,2010
MTEM US Equity,14.04959965,2011
MTEM US Equity,12.80990028,2012
MTEM US Equity,10.74380016,2016
MTEM US Equity,15.28929996,2018
ENZN US Equity,11.15699959,2010
ENZN US Equity,14.04959965,2016
RCAR US Equity,9.504099846,2010
RCAR US Equity,11.98349953,2011
RCAR US Equity,11.15699959,2013
RCAR US Equity,12.80990028,2016
RCAR US Equity,10.33059978,2018
DHC US Equity,13.63640022,2010
DHC US Equity,14.8760004,2013
DHC US Equity,16.94210052,2015
DHC US Equity,15.70250034,2016
SEED US Equity,9.504099846,2010
SEED US Equity,10.74380016,2013
CYDY US Equity,11.98349953,2012
CYDY US Equity,12.80990028,2017
WLMS US Equity,11.15699959,2010
ACOR US Equity,9.91740036,2010
ACOR US Equity,11.15699959,2014
ACOR US Equity,16.11569977,2015
ADMP US Equity,11.15699959,2011
ADMP US Equity,10.33059978,2014
ADMP US Equity,14.04959965,2017
BGCP US Equity,11.84210014,2010
BGCP US Equity,14.47369957,2015
BGCP US Equity,17.1053009,2019
BGCP US Equity,15.78950024,2020
CRXM US Equity,16.52890015,2010
CRXM US Equity,15.28929996,2015
SIF US Equity,11.15699959,2011
SIF US Equity,12.80990028,2017
CYTR US Equity,11.15699959,2010
CYTR US Equity,32.43130112,2017
CYTR US Equity,31.30470085,2018
CYTR US Equity,29.2928009,2019
MHLD US Equity,14.91230011,2010
MHLD US Equity,17.54389954,2012
MHLD US Equity,18.85960007,2016
TAL US Equity,13.87559986,2015
TISI US Equity,13.63640022,2010
TISI US Equity,16.11569977,2011
TISI US Equity,17.35540009,2016
TISI US Equity,18.18180084,2017
TISI US Equity,19.00830078,2018
TISI US Equity,20.24790001,2020
ABMT US Equity,9.91740036,2012
TAOP US Equity,10.33059978,2010
TAOP US Equity,12.80990028,2011
TAOP US Equity,8.264499664,2012
TAOP US Equity,9.504099846,2017
LFVN US Equity,12.80990028,2011
LFVN US Equity,14.04959965,2015
LFVN US Equity,15.28929996,2017
SLS US Equity,8.677700043,2010
SLS US Equity,11.15699959,2011
SLS US Equity,10.33059978,2014
SLS US Equity,12.80990028,2017
IMBI US Equity,14.04959965,2010
GSIT US Equity,11.15699959,2010
GSIT US Equity,14.04959965,2017
GSIT US Equity,14.8760004,2018
MNKD US Equity,11.15699959,2010
MNKD US Equity,14.04959965,2016
MNKD US Equity,15.28929996,2018
APDN US Equity,7.851200104,2010
APDN US Equity,10.33059978,2011
APDN US Equity,11.15699959,2014
APDN US Equity,12.80990028,2015
CXDC US Equity,11.57019997,2010
CXDC US Equity,12.80990028,2011
CXDC US Equity,14.04959965,2014
CXDC US Equity,16.52890015,2015
XSPA US Equity,11.15699959,2010
XSPA US Equity,6.611599922,2011
WETF US Equity,7.851200104,2011
WETF US Equity,10.33059978,2013
WETF US Equity,14.04959965,2015
WETF US Equity,12.80990028,2017
WETF US Equity,18.59499931,2020
GORO US Equity,11.15699959,2010
GORO US Equity,11.98349953,2012
GORO US Equity,12.80990028,2017
GORO US Equity,16.11569977,2018
RBSH US Equity,10.33059978,2010
RBSH US Equity,5.785099983,2011
RBSH US Equity,7.851200104,2012
PRTK US Equity,11.15699959,2010
PRTK US Equity,13.22309971,2012
PRTK US Equity,14.04959965,2014
PRTK US Equity,15.28929996,2015
PRTK US Equity,17.35540009,2020
YGYI US Equity,16.11569977,2018
FFHL US Equity,11.15699959,2010
VOLT US Equity,8.677700043,2010
VOLT US Equity,0.826399982,2011
VOLT US Equity,9.504099846,2013
VOLT US Equity,12.80990028,2014
VOLT US Equity,11.57019997,2016
VOLT US Equity,14.8760004,2017
VOLT US Equity,16.11569977,2020
SB US Equity,10.33059978,2011
SB US Equity,12.80990028,2017
CLUBQ US Equity,12.91870022,2010
CLUBQ US Equity,19.13879967,2017
EXPR US Equity,12.91870022,2011
EXPR US Equity,17.22489929,2015
EXPR US Equity,18.6602993,2016
EXPR US Equity,21.53109932,2020
NVIV US Equity,10.33059978,2010
NVIV US Equity,11.15699959,2011
NVIV US Equity,15.28929996,2016
NCMI US Equity,11.15699959,2010
NCMI US Equity,15.70250034,2017
NCMI US Equity,18.18180084,2018
VTGDF US Equity,11.98349953,2010
VTGDF US Equity,9.504099846,2014
IPIX US Equity,7.851200104,2012
IPIX US Equity,10.33059978,2017
CCLP US Equity,9.91740036,2011
VFF US Equity,16.94210052,2015
VFF US Equity,17.76860046,2019
QRTEA US Equity,11.57019997,2010
QRTEA US Equity,15.70250034,2017
QRTEA US Equity,25.20660019,2019
QRTEA US Equity,35.53720093,2020
VSTM US Equity,6.611599922,2011
VSTM US Equity,11.15699959,2012
VSTM US Equity,14.04959965,2016
VSTM US Equity,15.28929996,2018
MACK US Equity,9.504099846,2011
MACK US Equity,14.04959965,2012
MACK US Equity,16.52890015,2017
MACK US Equity,15.28929996,2019
PBYI US Equity,9.91740036,2011
PBYI US Equity,11.15699959,2012
PBYI US Equity,15.28929996,2017
MRC US Equity,7.851200104,2011
MRC US Equity,11.15699959,2012
MRC US Equity,11.98349953,2013
MRC US Equity,18.18180084,2015
MRC US Equity,19.42149925,2016
MRC US Equity,34.29750061,2017
MRC US Equity,40.08259964,2018
MRC US Equity,41.32229996,2019
LPCN US Equity,11.15699959,2015
LPCN US Equity,14.04959965,2016
TYME US Equity,13.22309971,2017
TYME US Equity,16.52890015,2018
TYME US Equity,16.11569977,2020
ADMA US Equity,11.98349953,2015
ADMA US Equity,14.04959965,2016
INTEQ US Equity,9.91740036,2013
INTEQ US Equity,11.98349953,2014
INTEQ US Equity,15.28929996,2019
STIM US Equity,15.28929996,2018
CASA US Equity,15.70250034,2017
CASA US Equity,18.18180084,2019
PFMT US Equity,10.33059978,2012
PFMT US Equity,11.15699959,2014
UFAB US Equity,10.33059978,2015
UFAB US Equity,11.15699959,2016
UFAB US Equity,18.18180084,2017
UFAB US Equity,17.35540009,2018
EYES US Equity,11.15699959,2014
EYES US Equity,15.28929996,2016
AAOI US Equity,11.15699959,2013
AAOI US Equity,14.04959965,2015
BIOF US Equity,10.33059978,2014
SBT US Equity,14.91230011,2017
SBT US Equity,18.42110062,2018
AFHIF US Equity,13.5965004,2013
AFHIF US Equity,10.08769989,2018
TPST US Equity,10.33059978,2012
TPST US Equity,11.15699959,2013
TPST US Equity,14.04959965,2017
TPHS US Equity,9.649100304,2014
TPHS US Equity,16.22809982,2015
RGLS US Equity,14.10789967,2012
HGEN US Equity,17.35540009,2012
HGEN US Equity,6.198299885,2015
HGEN US Equity,14.04959965,2016
CMRX US Equity,7.851200104,2012
CMRX US Equity,11.15699959,2013
CMRX US Equity,15.28929996,2016
CMRX US Equity,16.11569977,2020
EPZM US Equity,6.611599922,2012
EPZM US Equity,10.33059978,2013
EPZM US Equity,11.15699959,2014
EPZM US Equity,9.91740036,2015
EPZM US Equity,13.63640022,2017
CHMI US Equity,11.84210014,2015
CHMI US Equity,15.3508997,2017
BLUE US Equity,11.15699959,2013
BLUE US Equity,16.52890015,2015
BLUE US Equity,15.28929996,2017
BLUE US Equity,17.35540009,2019
ESPR US Equity,6.611599922,2012
ESPR US Equity,9.91740036,2013
ESPR US Equity,11.15699959,2014
ESPR US Equity,14.04959965,2016
ESPR US Equity,17.76860046,2020
MNKKQ US Equity,11.15699959,2013
MNKKQ US Equity,15.28929996,2015
MNKKQ US Equity,15.70250034,2016
MNKKQ US Equity,22.72730064,2018
HSTO US Equity,6.611599922,2012
HSTO US Equity,11.15699959,2013
HSTO US Equity,11.98349953,2014
HSTO US Equity,16.52890015,2017
HSTO US Equity,13.22309971,2019
ONTX US Equity,11.15699959,2013
BHR US Equity,11.15699959,2013
BHR US Equity,11.98349953,2014
BHR US Equity,15.70250034,2017
BHR US Equity,19.00830078,2018
ASC US Equity,7.851200104,2013
ASC US Equity,10.33059978,2016
ASC US Equity,11.57019997,2017
ASC US Equity,26.44630051,2019
ASC US Equity,11.98349953,2020
MBII US Equity,5.371900082,2012
MBII US Equity,14.8760004,2015
MBII US Equity,16.11569977,2017
MBII US Equity,18.18180084,2018
PGEN US Equity,7.851200104,2012
PGEN US Equity,11.15699959,2013
PGEN US Equity,12.39669991,2014
PGEN US Equity,15.28929996,2017
PGEN US Equity,16.52890015,2020
PIRS US Equity,14.04959965,2017
PIRS US Equity,16.52890015,2019
PIRS US Equity,17.35540009,2020
PBPB US Equity,11.15699959,2013
PBPB US Equity,12.80990028,2014
PBPB US Equity,16.52890015,2015
PBPB US Equity,17.35540009,2016
PBPB US Equity,16.94210052,2017
PBPB US Equity,18.18180084,2018
KODK US Equity,45.45449829,2010
KODK US Equity,42.97520065,2011
KODK US Equity,39.25619888,2012
KODK US Equity,42.56200027,2013
KODK US Equity,15.28929996,2014
KODK US Equity,16.11569977,2015
KODK US Equity,20.66119957,2016
KODK US Equity,18.18180084,2018
KODK US Equity,16.94210052,2020
AERI US Equity,10.33059978,2013
AERI US Equity,11.15699959,2014
AERI US Equity,14.04959965,2015
AERI US Equity,17.35540009,2017
GCI US Equity,9.91740036,2013
GCI US Equity,14.04959965,2014
GCI US Equity,15.70250034,2015
GCI US Equity,14.46280003,2016
GCI US Equity,16.94210052,2020
GLYC US Equity,9.91740036,2015
GLYC US Equity,14.04959965,2017
BCRHF US Equity,11.84210014,2015
BCRHF US Equity,13.5965004,2017
TRVN US Equity,9.91740036,2013
TRVN US Equity,11.15699959,2014
TRVN US Equity,14.04959965,2017
TRVN US Equity,16.52890015,2019
LTRPA US Equity,9.91740036,2014
LTRPA US Equity,11.57019997,2016
LTRPA US Equity,12.80990028,2019
EIGR US Equity,14.04959965,2015
EIGR US Equity,15.28929996,2016
EIGR US Equity,17.35540009,2020
REPH US Equity,14.04959965,2017
REPH US Equity,16.52890015,2020
NETI US Equity,7.851200104,2013
NETI US Equity,9.504099846,2016
NETI US Equity,11.98349953,2017
NETI US Equity,12.80990028,2018
CBAY US Equity,12.80990028,2015
CNCE US Equity,7.851200104,2013
CNCE US Equity,11.15699959,2014
CNCE US Equity,14.04959965,2016
AGTC US Equity,7.851200104,2013
AGTC US Equity,9.91740036,2014
AGTC US Equity,12.80990028,2017
AGTC US Equity,14.04959965,2018
AGTC US Equity,15.28929996,2019
GNCA US Equity,11.98349953,2014
GNCA US Equity,13.22309971,2015
GNCA US Equity,14.04959965,2016
GNCA US Equity,12.80990028,2017
GNCA US Equity,15.28929996,2019
AKTS US Equity,11.57019997,2017
AKTS US Equity,12.80990028,2018
MTNB US Equity,12.80990028,2015
PRTY US Equity,17.35540009,2015
PRTY US Equity,16.11569977,2016
PRTY US Equity,18.59499931,2017
PRTY US Equity,19.83469963,2018
VRAY US Equity,11.15699959,2015
VRAY US Equity,16.52890015,2016
WATT US Equity,16.52890015,2014
WATT US Equity,15.28929996,2019
NBEV US Equity,7.438000202,2015
NBEV US Equity,4.95870018,2016
NBEV US Equity,14.04959965,2017
QUOT US Equity,7.851200104,2013
QUOT US Equity,11.15699959,2014
QUOT US Equity,12.80990028,2017
QUOT US Equity,14.04959965,2019
CSLT US Equity,7.851200104,2013
CSLT US Equity,11.15699959,2014
CSLT US Equity,15.28929996,2016
AKBA US Equity,9.91740036,2013
AKBA US Equity,14.8760004,2014
ARAV US Equity,6.611599922,2013
ARAV US Equity,11.15699959,2014
ARAV US Equity,14.04959965,2017
QTNT US Equity,14.8760004,2014
QTNT US Equity,16.11569977,2018
AGRX US Equity,11.15699959,2014
AGRX US Equity,16.52890015,2016
AGFS US Equity,11.15699959,2015
AGFS US Equity,16.52890015,2017
AGFS US Equity,17.35540009,2018
AGFS US Equity,18.18180084,2019
TRUE US Equity,7.851200104,2013
TRUE US Equity,16.52890015,2014
GLOP US Equity,12.80990028,2017
GLOP US Equity,18.59499931,2018
GLOP US Equity,25.61980057,2019
NERV US Equity,11.15699959,2014
NERV US Equity,14.04959965,2016
HRTG US Equity,11.84210014,2014
HRTG US Equity,18.42110062,2017
HRTG US Equity,19.29820061,2018
GWGH US Equity,12.28069973,2015
GWGH US Equity,10.08769989,2019
ARDX US Equity,11.96170044,2014
ARDX US Equity,12.91870022,2015
ARDX US Equity,14.83250046,2017
ARDX US Equity,16.26790047,2018
ARDX US Equity,19.13879967,2019
ARDX US Equity,22.00959969,2020
RYAM US Equity,13.22309971,2014
RYAM US Equity,16.52890015,2015
RYAM US Equity,17.35540009,2016
RYAM US Equity,19.42149925,2017
RYAM US Equity,26.03310013,2018
RYAM US Equity,30.99169922,2019
BSGM US Equity,10.74380016,2015
BSGM US Equity,14.04959965,2018
BSGM US Equity,15.28929996,2020
OCUL US Equity,11.15699959,2014
OCUL US Equity,14.8760004,2016
OCUL US Equity,16.11569977,2019
OCUL US Equity,19.83469963,2020
ICD US Equity,21.07439995,2014
ICD US Equity,19.83469963,2015
ADVM US Equity,11.15699959,2014
ADVM US Equity,16.52890015,2017
AFMD US Equity,7.851200104,2014
VKTX US Equity,14.04959965,2017
VKTX US Equity,15.28929996,2018
TTOO US Equity,15.28929996,2014
TTOO US Equity,14.04959965,2019
TTOO US Equity,14.46280003,2020
OTIC US Equity,9.91740036,2014
OTIC US Equity,11.15699959,2015
OTIC US Equity,16.52890015,2017
ELDN US Equity,11.15699959,2014
ELDN US Equity,11.98349953,2016
ELDN US Equity,13.22309971,2017
ELDN US Equity,15.28929996,2018
MDLM US Equity,11.15699959,2014
MDLM US Equity,12.80990028,2017
MDLM US Equity,14.04959965,2020
OSG US Equity,11.15699959,2014
OSG US Equity,18.18180084,2016
OSG US Equity,20.66119957,2017
OSG US Equity,21.9008007,2019
OSG US Equity,28.51239967,2020
CALA US Equity,11.15699959,2014
CALA US Equity,13.22309971,2017
CALA US Equity,12.80990028,2018
CALA US Equity,14.04959965,2019
SIEN US Equity,11.20330048,2014
SIEN US Equity,14.10789967,2017
CRBP US Equity,12.80990028,2015
CRBP US Equity,11.57019997,2018
EVFM US Equity,14.04959965,2015
EVFM US Equity,12.80990028,2016
BW US Equity,16.11569977,2015
BW US Equity,18.18180084,2016
BW US Equity,20.66119957,2017
BW US Equity,19.83469963,2020
EXTN US Equity,16.94210052,2015
EXTN US Equity,17.76860046,2016
EXTN US Equity,21.07439995,2017
EXTN US Equity,29.75209999,2018
EXTN US Equity,41.73550034,2019
BLCM US Equity,11.15699959,2014
BLCM US Equity,14.04959965,2016
BLCM US Equity,15.28929996,2020
SLRX US Equity,11.15699959,2015
SLRX US Equity,12.80990028,2017
SLRX US Equity,11.98349953,2018
SLRX US Equity,15.28929996,2019
AVGR US Equity,9.91740036,2015
AVGR US Equity,11.15699959,2016
AVGR US Equity,15.28929996,2017
AVCO US Equity,11.57019997,2018
AFI US Equity,22.72730064,2016
AFI US Equity,23.96689987,2017
AFI US Equity,25.20660019,2019
CDTX US Equity,11.15699959,2015
CDTX US Equity,14.04959965,2016
CDTX US Equity,15.28929996,2019
NEXT US Equity,12.80990028,2015
NEXT US Equity,16.11569977,2018
SIOX US Equity,7.851200104,2015
SIOX US Equity,9.91740036,2016
SIOX US Equity,14.04959965,2017
RMNI US Equity,11.98349953,2015
RMNI US Equity,8.677700043,2016
RMNI US Equity,12.80990028,2017
RMNI US Equity,17.76860046,2019
CFMS US Equity,11.15699959,2015
CFMS US Equity,14.04959965,2017
MCRB US Equity,12.80990028,2015
MCRB US Equity,15.28929996,2016
MCRB US Equity,14.04959965,2017
MCRB US Equity,16.52890015,2020
AQMS US Equity,7.851200104,2015
AQMS US Equity,9.91740036,2016
AQMS US Equity,15.28929996,2017
AQMS US Equity,16.52890015,2018
AQMS US Equity,15.70250034,2019
HZN US Equity,13.63640022,2015
HZN US Equity,15.70250034,2016
HZN US Equity,18.18180084,2017
HZN US Equity,19.00830078,2020
AVTX US Equity,14.04959965,2015
AVTX US Equity,12.80990028,2016
VTVT US Equity,11.15699959,2015
VTVT US Equity,16.52890015,2017
AGLE US Equity,15.28929996,2017
AGLE US Equity,16.52890015,2018
IBRX US Equity,9.91740036,2015
IBRX US Equity,17.35540009,2016
ZYNE US Equity,12.80990028,2018
ZYNE US Equity,16.52890015,2019
BNED US Equity,4.132199764,2015
BNED US Equity,14.04959965,2016
BNED US Equity,16.52890015,2017
WINSF US Equity,7.017499924,2016
WINSF US Equity,9.649100304,2017
APVO US Equity,11.15699959,2016
APVO US Equity,16.52890015,2017
PRPL US Equity,7.851200104,2016
PRPL US Equity,8.677700043,2017
PRPL US Equity,14.04959965,2018
PDSB US Equity,11.15699959,2015
PDSB US Equity,15.28929996,2017
SYBX US Equity,14.04959965,2015
SYBX US Equity,10.74380016,2016
CTMX US Equity,10.33059978,2015
CTMX US Equity,11.15699959,2016
CTMX US Equity,12.80990028,2017
SQBGQ US Equity,10.33059978,2012
SQBGQ US Equity,11.15699959,2013
SQBGQ US Equity,15.28929996,2015
WVE US Equity,12.80990028,2015
WVE US Equity,13.63640022,2016
VYGR US Equity,14.04959965,2015
GSM US Equity,11.15699959,2011
GSM US Equity,7.851200104,2015
GSM US Equity,15.28929996,2016
GSM US Equity,21.48760033,2017
ELVT US Equity,14.04959965,2017
ELVT US Equity,12.80990028,2019
OCX US Equity,12.80990028,2015
SENS US Equity,7.851200104,2014
SENS US Equity,9.504099846,2015
SENS US Equity,14.04959965,2016
YMTX US Equity,11.15699959,2015
YMTX US Equity,14.04959965,2016
YMTX US Equity,12.80990028,2020
CRVS US Equity,7.851200104,2015
CRVS US Equity,12.80990028,2016
CLSD US Equity,13.22309971,2016
CLSD US Equity,14.04959965,2017
CNDT US Equity,20.24790001,2017
CNDT US Equity,21.07439995,2020
NH US Equity,5.371900082,2015
NH US Equity,17.35540009,2016
NH US Equity,18.18180084,2020
SELB US Equity,16.52890015,2016
WTRH US Equity,11.98349953,2018
WTRH US Equity,15.28929996,2019
SYRS US Equity,14.04959965,2016
DBRG US Equity,13.5965004,2014
DBRG US Equity,25,2015
DBRG US Equity,27.63159943,2017
DBRG US Equity,26.31579971,2018
DBRG US Equity,25.87719917,2019
DBRG US Equity,27.19300079,2020
FTI US Equity,16.52890015,2010
FTI US Equity,12.80990028,2012
FTI US Equity,14.04959965,2013
FTI US Equity,2.066099882,2016
FTI US Equity,30.57850075,2017
FTI US Equity,31.40500069,2018
FTI US Equity,32.64459991,2019
TUSK US Equity,16.94210052,2016
TUSK US Equity,18.18180084,2017
TUSK US Equity,23.14049911,2020
RSLS US Equity,14.04959965,2016
SND US Equity,17.35540009,2016
SND US Equity,18.59499931,2019
INSG US Equity,11.15699959,2010
INSG US Equity,14.04959965,2015
INSG US Equity,17.35540009,2016
INSG US Equity,16.11569977,2018
AMPY US Equity,9.090900421,2012
AMPY US Equity,11.15699959,2013
CKPT US Equity,12.80990028,2016
CKPT US Equity,14.04959965,2017
BYSI US Equity,8.677700043,2016
BYSI US Equity,9.504099846,2017
ORGO US Equity,9.504099846,2016
ORGO US Equity,10.33059978,2018
ORGO US Equity,14.8760004,2019
KEGX US Equity,14.04959965,2010
KEGX US Equity,15.28929996,2015
KEGX US Equity,16.11569977,2016
KEGX US Equity,16.94210052,2017
NEX US Equity,14.8760004,2017
NEX US Equity,16.52890015,2019
NEX US Equity,21.48760033,2020
JNCE US Equity,14.04959965,2017
JNCE US Equity,12.80990028,2019
WTTR US Equity,17.35540009,2017
WTTR US Equity,16.52890015,2018
YEXT US Equity,14.04959965,2018
YEXT US Equity,14.8760004,2020
SOI US Equity,16.11569977,2017
SOI US Equity,32.23139954,2018
SOI US Equity,37.60329819,2019
EEX US Equity,17.35540009,2017
EEX US Equity,18.18180084,2018
URGN US Equity,16.52890015,2018
USWS US Equity,9.504099846,2017
USWS US Equity,16.11569977,2018
SMHI US Equity,14.46280003,2017
SMHI US Equity,16.52890015,2018
SMHI US Equity,19.42149925,2020
NINE US Equity,13.63640022,2017
NINE US Equity,19.00830078,2018
NINE US Equity,20.24790001,2020
VNTR US Equity,26.85950089,2017
VNTR US Equity,25.61980057,2018
VNTR US Equity,27.68600082,2019
ATNX US Equity,16.52890015,2017
MRSN US Equity,14.8760004,2017
CLXT US Equity,14.04959965,2017
KALA US Equity,14.8760004,2017
BEST US Equity,15.70250034,2017
BEST US Equity,16.94210052,2018
FLMN US Equity,9.504099846,2017
FLMN US Equity,14.04959965,2018
FLMN US Equity,14.8760004,2019
WRAP US Equity,13.63640022,2018
MBIO US Equity,10.74380016,2016
MBIO US Equity,14.04959965,2017
HFFG US Equity,12.39669991,2017
HFFG US Equity,16.11569977,2018
RYTM US Equity,15.28929996,2017
LVO US Equity,15.28929996,2018
QD US Equity,11.57019997,2018
OPTN US Equity,12.80990028,2017
OPTN US Equity,17.35540009,2018
OPTN US Equity,16.11569977,2019
CUE US Equity,16.52890015,2017
DCPH US Equity,14.8760004,2017
DCPH US Equity,14.04959965,2018
RBBN US Equity,17.76860046,2017
RBBN US Equity,19.00830078,2018
NES US Equity,11.15699959,2010
GTX US Equity,26.03310013,2018
GTX US Equity,27.27269936,2019
XFOR US Equity,14.04959965,2017
XFOR US Equity,13.63640022,2019
YCBD US Equity,15.28929996,2017
ODTC US Equity,15.28929996,2017
AGS US Equity,13.22309971,2017
AGS US Equity,15.70250034,2018
AGS US Equity,16.52890015,2019
VYNE US Equity,11.57019997,2017
VYNE US Equity,14.8760004,2018
SLDB US Equity,14.04959965,2018
SLDB US Equity,15.28929996,2019
AMRX US Equity,13.63640022,2018
AMRX US Equity,16.11569977,2019
CTIC US Equity,11.15699959,2010
CTIC US Equity,9.91740036,2013
CTIC US Equity,14.04959965,2017
XCUR US Equity,14.04959965,2017
RFL US Equity,16.11569977,2018
RFL US Equity,15.28929996,2019
ETRN US Equity,21.48760033,2018
ETRN US Equity,42.97520065,2019
IQ US Equity,11.98349953,2018
TH US Equity,12.80990028,2018
TH US Equity,16.52890015,2019
FIXX US Equity,10.74380016,2017
FIXX US Equity,13.22309971,2018
FIXX US Equity,16.52890015,2020
HUYA US Equity,11.57019997,2018
EVLO US Equity,13.22309971,2018
EVLO US Equity,14.46280003,2019
USX US Equity,11.57019997,2017
USX US Equity,17.35540009,2018
USX US Equity,16.52890015,2019
CYCN US Equity,17.35540009,2019
CHRA US Equity,17.76860046,2018
ECOR US Equity,15.28929996,2018
VRCA US Equity,14.04959965,2018
MGTA US Equity,9.91740036,2017
MGTA US Equity,13.63640022,2018
AVRO US Equity,8.677700043,2017
AVRO US Equity,12.80990028,2018
AVRO US Equity,14.04959965,2019
RVI US Equity,13.63640022,2018
RVI US Equity,14.8760004,2020
TLRY US Equity,13.22309971,2018
RUBY US Equity,14.04959965,2018
ALLK US Equity,14.04959965,2018
ALLK US Equity,17.76860046,2019
LQDA US Equity,7.851200104,2017
LQDA US Equity,15.28929996,2018
LQDA US Equity,16.11569977,2019
SDRLF US Equity,9.504099846,2018
SDRLF US Equity,8.264499664,2019
SDRLF US Equity,10.33059978,2020
AGE US Equity,12.80990028,2018
CNF US Equity,8.771900177,2018
MESA US Equity,7.851200104,2017
MESA US Equity,19.42149925,2018
MESA US Equity,18.18180084,2019
GRTS US Equity,12.80990028,2018
GRTS US Equity,13.63640022,2019
YMAB US Equity,15.28929996,2018
YMAB US Equity,17.76860046,2020
RVLP US Equity,17.35540009,2018
PHAS US Equity,14.04959965,2018
LOGC US Equity,14.04959965,2018
TME US Equity,11.57019997,2018
BBCP US Equity,14.04959965,2018
BBCP US Equity,14.8760004,2019
HARP US Equity,10.74380016,2018
HARP US Equity,14.04959965,2019
TCRR US Equity,12.80990028,2018
KLDO US Equity,14.8760004,2019
DTIL US Equity,10.74380016,2018
DTIL US Equity,14.04959965,2019
DTIL US Equity,16.52890015,2020
GNLN US Equity,16.52890015,2019
HOOK US Equity,8.677700043,2018
HOOK US Equity,12.80990028,2019
PKDC US Equity,11.98349953,2010
PKDC US Equity,11.15699959,2011
PKDC US Equity,13.63640022,2016
PKDC US Equity,16.94210052,2017
APLT US Equity,10.74380016,2019
SONM US Equity,10.74380016,2018
SONM US Equity,11.98349953,2019
CRTX US Equity,7.851200104,2018
CRTX US Equity,14.04959965,2019
CCO US Equity,14.04959965,2010
CCO US Equity,19.00830078,2011
CCO US Equity,20.24790001,2012
CCO US Equity,17.76860046,2018
GOTU US Equity,14.04959965,2019
BCEL US Equity,10.74380016,2018
BCEL US Equity,14.04959965,2019
PWFL US Equity,13.22309971,2010
PWFL US Equity,14.04959965,2014
PWFL US Equity,12.80990028,2016
STSA US Equity,11.98349953,2018
STSA US Equity,15.28929996,2019
FREQ US Equity,8.264499664,2018
FREQ US Equity,17.35540009,2019
CABA US Equity,14.04959965,2019
GRTX US Equity,17.35540009,2019
BXRX US Equity,16.52890015,2019
BXRX US Equity,14.46280003,2020
ASRT US Equity,13.22309971,2010
ASRT US Equity,11.15699959,2011
ASRT US Equity,14.04959965,2015
ASRT US Equity,17.35540009,2016
ASRT US Equity,18.18180084,2017
MIND US Equity,11.15699959,2011
MIND US Equity,18.18180084,2017
MIND US Equity,16.94210052,2019
GEG US Equity,15.28929996,2010
GEG US Equity,12.80990028,2011
GEG US Equity,11.98349953,2013
GEG US Equity,13.63640022,2018
GEG US Equity,14.46280003,2020
TUEM US Equity,12.91870022,2012
TUEM US Equity,19.13879967,2018
AATC US Equity,13.22309971,2010
AATC US Equity,16.52890015,2012
